{"start": [77.18682715792772, 136.22542519692547], "finish": [886.1868271579277, 81.22542519692547], "start_points": [[94.06182715792772, 156.78792519692547], [94.2623827134833, 157.17505482655508], [94.46404938014996, 157.56107334507362], [94.66682715792774, 157.94542519692544], [94.87071604681665, 158.32755482655512]]}