{"start": [79.92007014302476, 158.5351034303108], "finish": [920.9200701430248, 416.5351034303108]}