{"start": [61.43989142115424, 345.89238125277393], "finish": [536.4398914211542, 888.6923812527737]}