{"start": [70.43168377977833, 180.13063032181088], "finish": [1593.4316837797783, 162.13063032181088]}