{"start": [55.825134396345675, 236.44427803013605], "finish": [3882.825134396324, 683.6442780301359]}