{"start": [74.03833566770118, 1218.8709698772345], "finish": [769.0383356677012, 423.07096987723526]}