{"start": [54.44364875140343, 1149.536469841941], "finish": [1856.2436487514037, 815.136469841941]}