{"start": [453.3754310452932, 356.8912563403046], "finish": [638.3754310452932, 351.69125634031116]}