{"start": [409.1185885812465, 729.9047472625], "finish": [351.9185885812467, 1236.1047472625003]}