{"start": [67.67654140458649, 267.3226335109607], "finish": [1702.0765414045866, 258.3226335109607]}