{"start": [50.0, 426.2235538145137], "finish": [9726.600000000002, 463.423553814514]}