{"start": [53.438706773238664, 243.56591479870622], "finish": [1101.4387067732387, 577.5659147987062]}