{"start": [51.18920942625482, 763.3384791384267], "finish": [542.9892094262514, 409.9384791384257]}