{"start": [83.15591371862138, 271.84786687132464], "finish": [1050.9559137186216, 6714.047866871324]}