{"start": [50.04581790979125, 141.0], "finish": [1183.0458179097914, 100.0]}