{"start": [73.49476662571033, 286.0763253851401], "finish": [1001.2947666257096, 608.0763253851401]}