{"start": [56.569147940859466, 272.99101881833747], "finish": [5459.769147940858, 173.99101881833747]}