{"start": [218.0038847641319, 240.78589336395288], "finish": [451.0038847641319, 6587.385893363956]}