{"start": [1041.0525319943554, 1937.8196315550013], "finish": [798.2525319943561, 2048.619631555004]}