{"start": [387.10635403002743, 1118.3997670872031], "finish": [503.10635403002743, 1482.3997670872013]}