{"start": [316.6322442589775, 202.6755450204264], "finish": [86.63224425897747, 311.6755450204264]}