{"start": [59.09447652314691, 108.0], "finish": [10327.294476523142, 100.0]}