{"start": [173.74141152141863, 246.54603250956688], "finish": [939.7414115214186, 509.5460325095669]}