{"start": [50.0, 136.0531652234676], "finish": [7973.000000000007, 100.0531652234676]}