{"start": [60.66728804179445, 309.2897041918941], "finish": [849.6672880417944, 92.28970419189409]}