{"start": [58.96813601192176, 113.43047029144083], "finish": [1167.9681360119218, 122.43047029144083], "start_points": [[85.49822860451431, 108.61565547662599], [86.29613601192179, 108.42247029144079], [87.11871008599584, 108.22128510625566], [87.96339527118099, 108.01298880995932], [88.82763601192178, 107.79847029144082]]}